{
  "rasa_nlu_data": {
    "common_examples": [
      {
        "intent": "greet",
        "text": "hey",
        "entities": []
      },
      {
        "intent": "greet",
        "text": "howdy",
        "entities": []
      },
      {
        "intent": "greet",
        "text": "hey there",
        "entities": []
      },
      {
        "intent": "greet",
        "text": "hello",
        "entities": []
      },
      {
        "intent": "greet",
        "text": "hi",
        "entities": []
      },
      {
        "intent": "affirm",
        "text": "yes",
        "entities": []
      },
      {
        "intent": "affirm",
        "text": "yep",
        "entities": []
      },
      {
        "intent": "affirm",
        "text": "yeah",
        "entities": []
      },
      {
        "intent": "goodbye",
        "text": "bye",
        "entities": []
      },
      {
        "intent": "goodbye",
        "text": "goodbye",
        "entities": []
      },
      {
        "intent": "goodbye",
        "text": "good bye",
        "entities": []
      },
      {
        "intent": "goodbye",
        "text": "stop",
        "entities": []
      },
      {
        "intent": "affirm",
        "text": "indeed",
        "entities": []
      },
      {
        "intent": "affirm",
        "text": "that's right",
        "entities": []
      },
      {
        "intent": "affirm",
        "text": "ok",
        "entities": []
      },
      {
        "intent": "affirm",
        "text": "great",
        "entities": []
      },
      {
        "intent": "greet",
        "text": "what's up?",
        "entities": []
      },
      {
        "intent": "new_card",
        "text": "I want a new credit card",
        "entities": [
          {
            "end": 24,
            "entity": "card_type",
            "start": 13,
            "value": "credit card"
          }
        ]
      },
      {
        "intent": "new_card",
        "text": "how to get a new credit card?",
        "entities": [
          {
            "end": 28,
            "entity": "card_type",
            "start": 17,
            "value": "credit card"
          }
        ]
      },
      {
        "intent": "new_card",
        "text": "credit card",
        "entities": [
          {
            "end": 11,
            "entity": "card_type",
            "start": 0,
            "value": "credit card"
          }
        ]
      },
      {
        "intent": "new_card",
        "text": "new credit card",
        "entities": [
          {
            "end": 15,
            "entity": "card_type",
            "start": 4,
            "value": "credit card"
          }
        ]
      },
      {
        "intent": "lost_card",
        "text": "I've lost my credit card",
        "entities": []
      },
      {
        "intent": "lost_card",
        "text": "my credit card is not working.",
        "entities": []
      },
      {
        "intent": "lost_card",
        "text": "my credit card is damaged",
        "entities": []
      },
      {
        "intent": "lost_card",
        "text": "I want to close my credit card",
        "entities": []
      },
      {
        "intent": "lost_card",
        "text": "my credit card is stolen!",
        "entities": []
      },
      {
        "intent": "lost_card",
        "text": "Someone has stolen my credit card",
        "entities": []
      },
      {
        "intent": "lost_card",
        "text": "my credit card got damaged",
        "entities": []
      },
      {
        "intent": "lost_card",
        "text": "I am unable to find my credit card",
        "entities": []
      },
      {
        "intent": "summary",
        "text": "Account Summary ",
        "entities": []
      },
      {
        "intent": "summary",
        "text": "show me the summary of my account ",
        "entities": []
      },
      {
        "intent": "show_balance",
        "text": "account balance please ",
        "entities": []
      },
      {
        "intent": "summary",
        "text": "Account status ",
        "entities": []
      },
      {
        "intent": "transaction",
        "text": "my last transaction ",
        "entities": []
      },
      {
        "intent": "transaction",
        "text": "transaction list ",
        "entities": []
      },
      {
        "intent": "transaction",
        "text": "transaction log",
        "entities": []
      },
      {
        "intent": "transaction",
        "text": "transaction time period ",
        "entities": []
      },
      {
        "intent": "transaction",
        "text": "can you show me my recent transactions",
        "entities": []
      },
      {
        "intent": "transaction",
        "text": "what did i shop using my credit card",
        "entities": []
      },
      {
        "intent": "transaction",
        "text": "how much money did i spent in my last transaction",
        "entities": []
      },
      {
        "intent": "credit_card_limit",
        "text": "what is the balance limit of my credit card",
        "entities": []
      },
      {
        "intent": "credit_card_limit",
        "text": "how much i can spend using my credit card",
        "entities": []
      },
      {
        "intent": "credit_card_limit",
        "text": "when will my credit card expire",
        "entities": []
      },
      {
        "intent": "credit_card_limit",
        "text": "when to renew my credit card",
        "entities": []
      },
      {
        "intent": "credit_card_limit",
        "text": "expiration date of my credit card",
        "entities": []
      },
      {
        "intent": "transfer_credit_card_ownership",
        "text": "how can i transfer the ownership of my credit card",
        "entities": []
      },
      {
        "intent": "credit_card_limit",
        "text": "how to extend the credit limit of my credit card",
        "entities": []
      },
      {
        "intent": "new_card",
        "text": "how can i get a debit card",
        "entities": [
          {
            "end": 26,
            "entity": "card_type",
            "start": 16,
            "value": "debit card"
          }
        ]
      },
      {
        "intent": "new_card",
        "text": "how can i renew my debit card",
        "entities": [
          {
            "end": 29,
            "entity": "card_type",
            "start": 19,
            "value": "debit card"
          }
        ]
      },
      {
        "intent": "new_card",
        "text": "what is the limit of my debit card ",
        "entities": [
          {
            "end": 35,
            "entity": "card_type",
            "start": 24,
            "value": "debit card "
          }
        ]
      },
      {
        "intent": "debit_card_summary",
        "text": "shopping log of my debit card",
        "entities": [
          {
            "end": 29,
            "entity": "card_type",
            "start": 19,
            "value": "debit card"
          }
        ]
      },
      {
        "intent": "change_password",
        "text": "how to change the password of my debit card",
        "entities": [
          {
            "end": 43,
            "entity": "card_type",
            "start": 33,
            "value": "debit card"
          }
        ]
      },
      {
        "intent": "change_password",
        "text": "how to set a new password",
        "entities": []
      },
      {
        "intent": "debit_card_summary",
        "text": "how many transaction i can do in one day using my debit card",
        "entities": [
          {
            "end": 60,
            "entity": "",
            "start": 50,
            "value": "debit card"
          }
        ]
      },
      {
        "intent": "lost_card",
        "text": "how to turn off my lost debit card",
        "entities": []
      },
      {
        "intent": "lost_card",
        "text": "I have lost my credit card",
        "entities": []
      },
      {
        "intent": "lost_card",
        "text": "I have lost my credit card",
        "entities": []
      },
      {
        "intent": "new_card",
        "text": "I want to get a debit card",
        "entities": [
          {
            "end": 26,
            "entity": "card_type",
            "start": 16,
            "value": "debit card"
          }
        ]
      },
      {
        "intent": "new_card",
        "text": "how to get a new debit card",
        "entities": [
          {
            "end": 27,
            "entity": "card_type",
            "start": 17,
            "value": "debit card"
          }
        ]
      },
      {
        "intent": "new_card",
        "text": "debit card",
        "entities": [
          {
            "end": 10,
            "entity": "card_type",
            "start": 0,
            "value": "debit card"
          }
        ]
      },
      {
        "intent": "new_card",
        "text": "new debit card",
        "entities": [
          {
            "end": 14,
            "entity": "card_type",
            "start": 4,
            "value": "debit card"
          }
        ]
      },
      {
        "intent": "new_card",
        "text": "I want a debit card for me",
        "entities": [
          {
            "end": 19,
            "entity": "card_type",
            "start": 9,
            "value": "debit card"
          }
        ]
      },
      {
        "intent": "new_card",
        "text": "I want a credit card for me",
        "entities": [
          {
            "end": 20,
            "entity": "card_type",
            "start": 9,
            "value": "credit card"
          }
        ]
      },
      {
        "intent": "show_balance",
        "text": "what is my current account balance?",
        "entities": []
      },
      {
        "intent": "show_balance",
        "text": "How much money do I have in my account right now?",
        "entities": []
      },
      {
        "intent": "summary",
        "text": "What is the current condition of my account?",
        "entities": []
      },
      {
        "intent": "show_balance",
        "text": "How much money do I have left in my account?",
        "entities": []
      }
    ],
    "entity_synonyms": [],
    "regex_features": []
  }
}