{
    "intent_classifier_sklearn": "intent_classifier.pkl",
    "rasa_nlu_version": "0.11.3",
    "pipeline": [
        "rasa_nlu.utils.spacy_utils.SpacyNLP",
        "rasa_nlu.tokenizers.spacy_tokenizer.SpacyTokenizer",
        "rasa_nlu.featurizers.spacy_featurizer.SpacyFeaturizer",
        "rasa_nlu.featurizers.regex_featurizer.RegexFeaturizer",
        "rasa_nlu.extractors.crf_entity_extractor.CRFEntityExtractor",
        "rasa_nlu.extractors.entity_synonyms.EntitySynonymMapper",
        "rasa_nlu.classifiers.sklearn_intent_classifier.SklearnIntentClassifier"
    ],
    "trained_at": "20180417-172030",
    "entity_extractor_crf": {
        "BILOU_flag": true,
        "model_file": "crf_model.pkl",
        "version": 1,
        "crf_features": [
            [
                "low",
                "title",
                "upper",
                "pos",
                "pos2"
            ],
            [
                "bias",
                "low",
                "word3",
                "word2",
                "upper",
                "title",
                "digit",
                "pos",
                "pos2",
                "pattern"
            ],
            [
                "low",
                "title",
                "upper",
                "pos",
                "pos2"
            ]
        ]
    },
    "training_data": "training_data.json",
    "language": "en",
    "entity_synonyms": "entity_synonyms.json",
    "regex_featurizer": null,
    "spacy_model_name": "en"
}