{
  "rasa_nlu_data": {
    "regex_features": [],
    "common_examples": [
      {
        "text": "hey",
        "entities": [],
        "intent": "greet"
      },
      {
        "text": "howdy",
        "entities": [],
        "intent": "greet"
      },
      {
        "text": "hey there",
        "entities": [],
        "intent": "greet"
      },
      {
        "text": "hello",
        "entities": [],
        "intent": "greet"
      },
      {
        "text": "hi",
        "entities": [],
        "intent": "greet"
      },
      {
        "text": "yes",
        "entities": [],
        "intent": "affirm"
      },
      {
        "text": "yep",
        "entities": [],
        "intent": "affirm"
      },
      {
        "text": "yeah",
        "entities": [],
        "intent": "affirm"
      },
      {
        "text": "bye",
        "entities": [],
        "intent": "goodbye"
      },
      {
        "text": "goodbye",
        "entities": [],
        "intent": "goodbye"
      },
      {
        "text": "good bye",
        "entities": [],
        "intent": "goodbye"
      },
      {
        "text": "stop",
        "entities": [],
        "intent": "goodbye"
      },
      {
        "text": "indeed",
        "entities": [],
        "intent": "affirm"
      },
      {
        "text": "that's right",
        "entities": [],
        "intent": "affirm"
      },
      {
        "text": "ok",
        "entities": [],
        "intent": "affirm"
      },
      {
        "text": "great",
        "entities": [],
        "intent": "affirm"
      },
      {
        "text": "what's up?",
        "entities": [],
        "intent": "greet"
      },
      {
        "text": "I want a new credit card",
        "entities": [
          {
            "entity": "card_type",
            "value": "credit card",
            "end": 24,
            "start": 13
          }
        ],
        "intent": "new_card"
      },
      {
        "text": "how to get a new credit card?",
        "entities": [
          {
            "entity": "card_type",
            "value": "credit card",
            "end": 28,
            "start": 17
          }
        ],
        "intent": "new_card"
      },
      {
        "text": "credit card",
        "entities": [
          {
            "entity": "card_type",
            "value": "credit card",
            "end": 11,
            "start": 0
          }
        ],
        "intent": "new_card"
      },
      {
        "text": "new credit card",
        "entities": [
          {
            "entity": "card_type",
            "value": "credit card",
            "end": 15,
            "start": 4
          }
        ],
        "intent": "new_card"
      },
      {
        "text": "I've lost my credit card",
        "entities": [],
        "intent": "lost_card"
      },
      {
        "text": "my credit card is not working.",
        "entities": [],
        "intent": "lost_card"
      },
      {
        "text": "my credit card is damaged",
        "entities": [],
        "intent": "lost_card"
      },
      {
        "text": "I want to close my credit card",
        "entities": [],
        "intent": "lost_card"
      },
      {
        "text": "my credit card is stolen!",
        "entities": [],
        "intent": "lost_card"
      },
      {
        "text": "Someone has stolen my credit card",
        "entities": [],
        "intent": "lost_card"
      },
      {
        "text": "my credit card got damaged",
        "entities": [],
        "intent": "lost_card"
      },
      {
        "text": "I am unable to find my credit card",
        "entities": [],
        "intent": "lost_card"
      },
      {
        "text": "Account Summary ",
        "entities": [],
        "intent": "summary"
      },
      {
        "text": "show me the summary of my account ",
        "entities": [],
        "intent": "summary"
      },
      {
        "text": "account balance please ",
        "entities": [],
        "intent": "show_balance"
      },
      {
        "text": "Account status ",
        "entities": [],
        "intent": "summary"
      },
      {
        "text": "my last transaction ",
        "entities": [],
        "intent": "transaction"
      },
      {
        "text": "transaction list ",
        "entities": [],
        "intent": "transaction"
      },
      {
        "text": "transaction log",
        "entities": [],
        "intent": "transaction"
      },
      {
        "text": "transaction time period ",
        "entities": [],
        "intent": "transaction"
      },
      {
        "text": "can you show me my recent transactions",
        "entities": [],
        "intent": "transaction"
      },
      {
        "text": "what did i shop using my credit card",
        "entities": [],
        "intent": "transaction"
      },
      {
        "text": "how much money did i spent in my last transaction",
        "entities": [],
        "intent": "transaction"
      },
      {
        "text": "what is the balance limit of my credit card",
        "entities": [],
        "intent": "credit_card_limit"
      },
      {
        "text": "how much i can spend using my credit card",
        "entities": [],
        "intent": "credit_card_limit"
      },
      {
        "text": "when will my credit card expire",
        "entities": [],
        "intent": "credit_card_limit"
      },
      {
        "text": "when to renew my credit card",
        "entities": [],
        "intent": "credit_card_limit"
      },
      {
        "text": "expiration date of my credit card",
        "entities": [],
        "intent": "credit_card_limit"
      },
      {
        "text": "how can i transfer the ownership of my credit card",
        "entities": [],
        "intent": "transfer_credit_card_ownership"
      },
      {
        "text": "how to extend the credit limit of my credit card",
        "entities": [],
        "intent": "credit_card_limit"
      },
      {
        "text": "how can i get a debit card",
        "entities": [
          {
            "entity": "card_type",
            "value": "debit card",
            "end": 26,
            "start": 16
          }
        ],
        "intent": "new_card"
      },
      {
        "text": "how can i renew my debit card",
        "entities": [
          {
            "entity": "card_type",
            "value": "debit card",
            "end": 29,
            "start": 19
          }
        ],
        "intent": "new_card"
      },
      {
        "text": "what is the limit of my debit card ",
        "entities": [
          {
            "entity": "card_type",
            "value": "debit card ",
            "end": 35,
            "start": 24
          }
        ],
        "intent": "new_card"
      },
      {
        "text": "shopping log of my debit card",
        "entities": [
          {
            "entity": "card_type",
            "value": "debit card",
            "end": 29,
            "start": 19
          }
        ],
        "intent": "debit_card_summary"
      },
      {
        "text": "how to change the password of my debit card",
        "entities": [
          {
            "entity": "card_type",
            "value": "debit card",
            "end": 43,
            "start": 33
          }
        ],
        "intent": "change_password"
      },
      {
        "text": "how to set a new password",
        "entities": [],
        "intent": "change_password"
      },
      {
        "text": "how many transaction i can do in one day using my debit card",
        "entities": [
          {
            "entity": "",
            "value": "debit card",
            "end": 60,
            "start": 50
          }
        ],
        "intent": "debit_card_summary"
      },
      {
        "text": "how to turn off my lost debit card",
        "entities": [],
        "intent": "lost_card"
      },
      {
        "text": "I have lost my credit card",
        "entities": [],
        "intent": "lost_card"
      },
      {
        "text": "I have lost my credit card",
        "entities": [],
        "intent": "lost_card"
      },
      {
        "text": "I want to get a debit card",
        "entities": [
          {
            "entity": "card_type",
            "value": "debit card",
            "end": 26,
            "start": 16
          }
        ],
        "intent": "new_card"
      },
      {
        "text": "how to get a new debit card",
        "entities": [
          {
            "entity": "card_type",
            "value": "debit card",
            "end": 27,
            "start": 17
          }
        ],
        "intent": "new_card"
      },
      {
        "text": "debit card",
        "entities": [
          {
            "entity": "card_type",
            "value": "debit card",
            "end": 10,
            "start": 0
          }
        ],
        "intent": "new_card"
      },
      {
        "text": "new debit card",
        "entities": [
          {
            "entity": "card_type",
            "value": "debit card",
            "end": 14,
            "start": 4
          }
        ],
        "intent": "new_card"
      },
      {
        "text": "I want a debit card for me",
        "entities": [
          {
            "entity": "card_type",
            "value": "debit card",
            "end": 19,
            "start": 9
          }
        ],
        "intent": "new_card"
      },
      {
        "text": "I want a credit card for me",
        "entities": [
          {
            "entity": "card_type",
            "value": "credit card",
            "end": 20,
            "start": 9
          }
        ],
        "intent": "new_card"
      }
    ],
    "entity_synonyms": []
  }
}