{
  "rasa_nlu_data": {
    "entity_synonyms": [],
    "regex_features": [],
    "common_examples": [
      {
        "intent": "intro",
        "text": "who are you?",
        "entities": []
      },
      {
        "intent": "intro",
        "text": "what do you do?",
        "entities": []
      },
      {
        "intent": "intro",
        "text": "what can you do for me?",
        "entities": []
      },
      {
        "intent": "greet",
        "text": "hey",
        "entities": []
      },
      {
        "intent": "greet",
        "text": "hey",
        "entities": []
      },
      {
        "intent": "greet",
        "text": "howdy",
        "entities": []
      },
      {
        "intent": "greet",
        "text": "hey there",
        "entities": []
      },
      {
        "intent": "greet",
        "text": "hello",
        "entities": []
      },
      {
        "intent": "greet",
        "text": "hi",
        "entities": []
      },
      {
        "intent": "affirm",
        "text": "yes",
        "entities": []
      },
      {
        "intent": "affirm",
        "text": "yep",
        "entities": []
      },
      {
        "intent": "affirm",
        "text": "yeah",
        "entities": []
      },
      {
        "intent": "goodbye",
        "text": "bye",
        "entities": []
      },
      {
        "intent": "goodbye",
        "text": "goodbye",
        "entities": []
      },
      {
        "intent": "goodbye",
        "text": "good bye",
        "entities": []
      },
      {
        "intent": "goodbye",
        "text": "stop",
        "entities": []
      },
      {
        "intent": "goodbye",
        "text": "end",
        "entities": []
      },
      {
        "intent": "affirm",
        "text": "indeed",
        "entities": []
      },
      {
        "intent": "affirm",
        "text": "that's right",
        "entities": []
      },
      {
        "intent": "affirm",
        "text": "ok",
        "entities": []
      },
      {
        "intent": "affirm",
        "text": "great",
        "entities": []
      },
      {
        "intent": "event-request",
        "text": "What is the event happening now",
        "entities": [
          {
            "value": "now",
            "end": 31,
            "start": 28,
            "entity": "time"
          }
        ]
      },
      {
        "intent": "event-request",
        "text": "What event is happening at Lecture hall 10 AM today",
        "entities": [
          {
            "value": "10 AM",
            "end": 45,
            "start": 40,
            "entity": "time"
          },
          {
            "value": "today",
            "end": 51,
            "start": 46,
            "entity": "day"
          },
          {
            "value": "Lecture hall",
            "end": 39,
            "start": 27,
            "entity": "place"
          }
        ]
      },
      {
        "intent": "event-request",
        "text": "What is the event same time tomorrow",
        "entities": [
          {
            "value": "same time",
            "end": 27,
            "start": 18,
            "entity": "time"
          },
          {
            "value": "tomorrow",
            "end": 36,
            "start": 28,
            "entity": "day"
          }
        ]
      },
      {
        "intent": "event-request",
        "text": "What event is happening at Lecture hall 2 tommorrow 10 PM",
        "entities": [
          {
            "value": "Lecture hall 2",
            "end": 41,
            "start": 27,
            "entity": "place"
          },
          {
            "value": "tomorrow 10 PM",
            "end": 57,
            "start": 52,
            "entity": "time"
          },
          {
            "value": "tomorrow",
            "end": 51,
            "start": 42,
            "entity": "day"
          }
        ]
      },
      {
        "intent": "event-request",
        "text": "What event is happening at Lecture hall 6 AM today",
        "entities": [
          {
            "value": "10 AM",
            "end": 44,
            "start": 40,
            "entity": "time"
          },
          {
            "value": "today",
            "end": 52,
            "start": 45,
            "entity": "day"
          },
          {
            "value": "Lecture hall",
            "end": 39,
            "start": 27,
            "entity": "place"
          }
        ]
      },
      {
        "intent": "event-request",
        "text": "What event is happening at Lecture hall 6:30 PM today",
        "entities": [
          {
            "value": "10 AM",
            "end": 47,
            "start": 40,
            "entity": "time"
          },
          {
            "value": "today",
            "end": 55,
            "start": 48,
            "entity": "day"
          },
          {
            "value": "Lecture hall",
            "end": 39,
            "start": 27,
            "entity": "place"
          }
        ]
      },
      {
        "intent": "event-request",
        "text": "What event is happening at Lecture hall 6 30 PM today",
        "entities": [
          {
            "value": "10 AM",
            "end": 47,
            "start": 40,
            "entity": "time"
          },
          {
            "value": "today",
            "end": 55,
            "start": 48,
            "entity": "day"
          },
          {
            "value": "Lecture hall",
            "end": 39,
            "start": 27,
            "entity": "place"
          }
        ]
      },
      {
        "intent": "event-request",
        "text": "What event is happening at 6 30 PM today",
        "entities": [
          {
            "value": "6 30 PM",
            "end": 34,
            "start": 27,
            "entity": "time"
          },
          {
            "value": "today",
            "end": 40,
            "start": 35,
            "entity": "day"
          }
        ]
      },
      {
        "intent": "event-request",
        "text": "What event is happening at 6",
        "entities": [
          {
            "value": "6",
            "end": 28,
            "start": 27,
            "entity": "time"
          }
        ]
      },
      {
        "intent": "event-request",
        "text": "What event is at 12",
        "entities": [
          {
            "value": "12",
            "end": 19,
            "start": 17,
            "entity": "time"
          }
        ]
      },
      {
        "intent": "event-request",
        "text": "list events before 12",
        "entities": [
          {
            "value": "12",
            "end": 21,
            "start": 19,
            "entity": "time"
          },
          {
            "value": "before",
            "end": 18,
            "start": 12,
            "entity": "relative-time"
          }
        ]
      },
      {
        "intent": "event-request",
        "text": "list events after 5",
        "entities": [
          {
            "value": "5",
            "end": 19,
            "start": 18,
            "entity": "time"
          },
          {
            "value": "before",
            "end": 17,
            "start": 12,
            "entity": "relative-time"
          }
        ]
      },
      {
        "intent": "event-time",
        "text": "when is the chatbot event happening",
        "entities": [
          {
            "value": "chatbot",
            "end": 19,
            "start": 12,
            "entity": "event_name"
          }
        ]
      },
      {
        "intent": "event-time",
        "text": "when is python 101 event happening",
        "entities": [
          {
            "value": "python 101",
            "end": 18,
            "start": 8,
            "entity": "event_name"
          }
        ]
      },
      {
        "intent": "event-request",
        "text": "what event is happening 2 tomorrow",
        "entities": [
          {
            "value": "2",
            "end": 25,
            "start": 24,
            "entity": "time"
          },
          {
            "value": "2",
            "end": 34,
            "start": 26,
            "entity": "time"
          }
        ]
      }
    ]
  }
}